current_time,temp,humidity,main
2026-03-05 05:40:45,11.76,40,Haze
2026-03-05 06:30:47,11.76,43,Clear
2026-03-05 07:25:35,10.76,46,Clouds
2026-03-05 07:58:01,10.76,46,Haze
2026-03-05 08:34:44,10.76,46,Haze
2026-03-05 09:09:37,7.36,73,Rain
2026-03-05 09:59:58,6.76,76,Rain
2026-03-05 10:39:39,4.76,93,Rain
2026-03-05 11:19:23,4.74,91,Rain
2026-03-05 11:50:21,3.76,93,Rain
2026-03-05 12:27:08,3.74,92,Rain
2026-03-05 13:39:47,-0.24,100,Snow
2026-03-05 14:26:48,0.76,100,Snow
2026-03-05 15:10:38,0.76,100,Snow
2026-03-05 16:00:35,0.76,100,Snow
2026-03-05 18:05:55,0.76,100,Mist
2026-03-05 19:23:36,-0.24,100,Mist
2026-03-05 20:02:29,2.6,74,Clouds
2026-03-05 20:46:00,-0.24,100,Mist
2026-03-05 21:17:59,0.76,100,Mist
2026-03-05 21:51:49,0.76,100,Mist
2026-03-05 22:15:49,0.76,100,Mist
2026-03-05 23:20:35,2,78,Clouds
2026-03-06 00:00:07,1.76,93,Mist
2026-03-06 02:07:03,3.4,65,Clouds
2026-03-06 04:16:11,3.76,75,Clouds
2026-03-06 05:15:10,3.76,70,Mist
2026-03-06 05:59:43,3.5,56,Clouds
2026-03-06 06:49:19,4.26,45,Clouds
2026-03-06 07:28:48,2.76,70,Clouds
2026-03-06 07:57:25,2.76,70,Haze
2026-03-06 08:30:10,2.76,70,Haze
2026-03-06 09:03:15,2.76,70,Haze
2026-03-06 09:51:46,2.76,65,Haze
2026-03-06 10:20:17,0.76,75,Clouds
2026-03-06 10:57:38,0.76,75,Haze
2026-03-06 11:23:19,1.23,45,Clouds
2026-03-06 11:46:59,0.88,43,Clouds
2026-03-06 12:00:31,0.88,43,Clouds
2026-03-06 13:00:08,0.29,41,Clear
2026-03-06 13:56:11,0.16,40,Clear
2026-03-06 14:29:31,0.16,40,Clear
2026-03-06 15:04:21,-0.24,64,Clouds
2026-03-06 15:49:40,-0.5,36,Clear
2026-03-06 16:21:54,-1.24,64,Clear
2026-03-06 17:02:02,-0.93,35,Clear
2026-03-06 17:40:25,-1.24,69,Clear
2026-03-06 18:03:53,-1.24,69,Clear
2026-03-06 18:58:58,-3.24,80,Clear
2026-03-06 19:32:35,-1.4,34,Clear
2026-03-06 19:56:19,-1.4,34,Clear
2026-03-06 20:20:54,-3.24,80,Clear
2026-03-06 20:50:18,-1.48,34,Clear
2026-03-06 21:14:46,-3.24,68,Clear
2026-03-06 21:43:59,-3.24,68,Clear
2026-03-06 21:58:04,-3.24,68,Clear
2026-03-06 22:22:24,-3.24,68,Clear
2026-03-06 22:50:34,-1.36,32,Clear
2026-03-06 23:14:03,-1.24,59,Clear
2026-03-06 23:40:48,-1.36,32,Clear
2026-03-06 23:55:36,-1.24,59,Clear
2026-03-07 00:58:49,0.01,27,Clear
2026-03-07 03:13:04,1.76,35,Clear
2026-03-07 04:40:03,3.76,41,Clear
2026-03-07 05:23:26,4.76,36,Clear
2026-03-07 05:55:33,4.92,16,Clear
2026-03-07 06:23:39,4.76,33,Clear
2026-03-07 07:01:27,4.76,33,Clear
2026-03-07 07:32:16,4.76,33,Clear
2026-03-07 07:50:19,4.33,17,Clear
2026-03-07 07:58:58,4.76,33,Clear
2026-03-07 08:28:12,4.33,17,Clear
2026-03-07 08:53:38,3.68,19,Clear
2026-03-07 09:16:19,3.68,19,Clear
2026-03-07 09:44:07,2.76,35,Clear
2026-03-07 09:56:26,3.2,21,Clear
2026-03-07 10:14:40,3.2,21,Clear
2026-03-07 10:46:33,1.76,41,Clear
2026-03-07 10:55:02,1.76,41,Clear
2026-03-07 11:09:12,-0.24,51,Clear
2026-03-07 11:31:12,1.86,26,Clear
2026-03-07 11:44:15,-0.24,51,Clear
2026-03-07 11:53:07,-0.24,51,Clear
2026-03-07 11:58:46,-0.24,51,Clear
2026-03-07 12:40:09,1.1,30,Clear
2026-03-07 13:24:43,-2.24,64,Clear
2026-03-07 13:51:57,-2.24,64,Clear
2026-03-07 14:01:53,0.28,30,Clear
2026-03-07 14:29:29,0.28,30,Clear
2026-03-07 14:49:30,-0.05,32,Clear
2026-03-07 14:59:35,-0.05,32,Clear
2026-03-07 15:22:26,-2.24,64,Clear
2026-03-07 15:41:17,-2.24,64,Clear
2026-03-07 15:52:51,-0.31,33,Clear
2026-03-07 16:00:14,-2.24,64,Clear
2026-03-07 16:29:11,-3.24,74,Clear
2026-03-07 16:50:14,-3.24,74,Clear
2026-03-07 17:01:04,-0.5,34,Clear
2026-03-07 17:24:41,-0.5,34,Clear
2026-03-07 17:42:14,-4.24,74,Clear
2026-03-07 17:53:46,-4.24,74,Clear
2026-03-07 17:59:37,-0.59,35,Clear
2026-03-07 18:32:54,-4.24,80,Clear
2026-03-07 18:57:52,-4.24,80,Clear
2026-03-07 19:17:53,-0.59,35,Clear
2026-03-07 19:35:42,-4.24,80,Clear
2026-03-07 19:47:02,-4.24,80,Clear
2026-03-07 19:55:05,-4.24,80,Clear
2026-03-07 20:01:08,-4.24,80,Clear
2026-03-07 20:30:11,-0.61,35,Clear
2026-03-07 20:48:46,-0.65,35,Clear
2026-03-07 20:59:04,-5.24,80,Clear
2026-03-07 21:18:54,-5.24,86,Clear
2026-03-07 21:36:40,-5.24,86,Clear
2026-03-07 21:48:49,-5.24,86,Clear
2026-03-07 21:56:11,-5.24,86,Clear
2026-03-07 22:13:09,-0.64,34,Clear
2026-03-07 22:38:56,-6.24,93,Clear
2026-03-07 22:53:54,-6.24,93,Clear
2026-03-07 23:01:14,-6.24,93,Clear
2026-03-07 23:27:07,-2.24,80,Clear
2026-03-07 23:42:24,-2.24,80,Clear
2026-03-07 23:54:21,0.59,29,Clear
2026-03-08 00:00:18,0.59,29,Clear
2026-03-08 02:12:19,3.76,38,Clear
2026-03-08 04:19:40,5.76,31,Clear
2026-03-08 05:15:46,5.76,33,Clear
2026-03-08 05:57:52,5.51,22,Clouds
2026-03-08 06:35:45,5.76,36,Clear
2026-03-08 07:09:17,5.27,22,Clouds
2026-03-08 07:41:18,4.76,36,Clear
2026-03-08 07:55:13,5.06,25,Clouds
2026-03-08 08:16:02,5.76,33,Clear
2026-03-08 08:48:30,5.76,33,Clear
2026-03-08 09:03:15,4.67,29,Clouds
2026-03-08 09:38:17,3.76,48,Clear
2026-03-08 09:55:15,3.61,39,Clouds
2026-03-08 10:12:55,3.61,39,Clouds
2026-03-08 10:43:14,3.02,47,Clouds
2026-03-08 10:57:03,3.02,47,Clouds
2026-03-08 11:14:36,3.02,47,Clouds
2026-03-08 11:34:05,0.76,75,Clear
2026-03-08 11:47:02,0.76,75,Clear
2026-03-08 11:55:42,0.76,75,Clear
2026-03-08 12:22:54,2.99,52,Clouds
2026-03-08 13:12:09,2.88,56,Clear
2026-03-08 13:48:50,-0.24,86,Clear
2026-03-08 14:02:04,2.69,61,Clear
2026-03-08 14:30:54,2.69,61,Clear
2026-03-08 14:50:57,2.42,63,Clear
2026-03-08 15:01:03,2.42,63,Clear
2026-03-08 15:27:43,2.42,63,Clear
2026-03-08 15:44:36,2.14,64,Clear
2026-03-08 15:55:51,2.14,64,Clear
2026-03-08 16:15:02,2.14,64,Clear
2026-03-08 16:45:47,1.76,87,Clear
2026-03-08 17:00:20,1.89,63,Clear
2026-03-08 17:24:24,1.76,93,Clear
2026-03-08 17:43:49,1.76,93,Clear
2026-03-08 17:56:13,1.63,62,Clear
2026-03-08 18:19:58,1.76,87,Clouds
2026-03-08 18:53:36,1.76,87,Clouds
2026-03-08 19:13:04,1.76,87,Clouds
2026-03-08 19:34:14,1.76,87,Clouds
2026-03-08 19:47:03,1.15,60,Clear
2026-03-08 19:55:46,1.76,87,Clouds
2026-03-08 20:13:29,1.76,87,Clouds
2026-03-08 20:41:09,1.04,59,Clouds
2026-03-08 20:56:10,1.76,87,Mist
2026-03-08 21:14:00,1.76,87,Mist
2026-03-08 21:36:07,1.76,87,Clouds
2026-03-08 21:50:01,1.76,87,Mist
2026-03-08 21:58:27,1.76,87,Mist
2026-03-08 22:19:34,1.76,80,Clouds
2026-03-08 22:44:26,1.76,80,Mist
2026-03-08 22:57:36,1.76,80,Mist
2026-03-08 23:17:54,2.76,81,Clouds
2026-03-08 23:40:12,2.76,81,Haze
2026-03-08 23:54:02,2.76,81,Haze
2026-03-09 00:01:10,2.38,53,Clouds
2026-03-09 02:31:14,4.76,51,Clouds
2026-03-09 04:30:13,7.76,39,Haze
2026-03-09 05:39:52,7.71,29,Clouds
2026-03-09 06:39:42,7.76,39,Haze
2026-03-09 07:36:39,7.65,27,Clouds
2026-03-09 08:04:44,7.65,27,Clouds
2026-03-09 08:57:35,6.76,45,Haze
2026-03-09 09:42:12,5.76,49,Haze
2026-03-09 10:28:54,6.47,33,Clouds
2026-03-09 11:08:23,3.76,56,Haze
2026-03-09 11:46:16,2.76,60,Haze
2026-03-09 12:02:24,2.76,60,Haze
2026-03-09 13:19:45,1.76,64,Clear
2026-03-09 14:14:23,1.76,60,Clear
2026-03-09 15:10:39,-1.24,74,Haze
2026-03-09 16:10:36,-1.24,74,Haze
2026-03-09 17:07:13,-1.24,74,Haze
2026-03-09 17:56:08,2.08,44,Clear
2026-03-09 18:37:15,-2.24,86,Haze
2026-03-09 19:25:58,-4.24,93,Clear
2026-03-09 19:55:29,1.44,46,Clear
2026-03-09 20:19:45,-4.24,93,Clear
2026-03-09 20:53:07,1.14,47,Clear
2026-03-09 21:19:16,1.14,47,Clear
2026-03-09 21:48:56,-4.24,100,Mist
2026-03-09 22:02:07,-4.24,100,Mist
2026-03-09 22:35:52,1.45,44,Clouds
2026-03-09 22:58:00,-4.24,93,Mist
2026-03-09 23:22:54,-0.24,93,Clear
2026-03-09 23:46:07,-0.24,93,Mist
2026-03-09 23:57:38,-0.24,93,Mist
2026-03-10 01:23:17,3.8,32,Clouds
2026-03-10 03:34:50,7.76,39,Clear
2026-03-10 04:57:27,8.76,34,Haze
2026-03-10 05:40:49,7.76,34,Haze
2026-03-10 06:28:22,8.76,31,Clear
2026-03-10 07:12:50,6.82,26,Clear
2026-03-10 07:53:47,7.76,39,Haze
2026-03-10 08:24:22,6.37,26,Clear
2026-03-10 09:04:32,6.76,39,Clear
2026-03-10 09:56:06,5.76,42,Clear
2026-03-10 10:28:59,3.76,45,Clear
2026-03-10 11:06:42,3.76,45,Clear
2026-03-10 11:43:47,1.76,48,Clear
2026-03-10 12:00:53,3.96,39,Clear
2026-03-10 13:07:13,1.76,51,Clear
2026-03-10 14:06:27,-0.24,69,Clear
2026-03-10 15:03:08,-2.24,80,Clear
2026-03-10 16:06:59,-3.24,86,Clear
2026-03-10 17:04:50,2.73,44,Clouds
2026-03-10 17:55:13,-2.24,93,Clear
2026-03-10 18:32:00,-1.24,86,Clear
2026-03-10 19:22:24,-1.24,86,Clear
2026-03-10 19:54:36,-1.24,86,Clear
2026-03-10 20:19:11,2.11,49,Clouds
2026-03-10 20:51:11,2.19,48,Clouds
2026-03-10 21:17:14,2.19,48,Clouds
2026-03-10 21:43:06,1.93,48,Clouds
2026-03-10 21:56:21,-1.24,93,Clear
2026-03-10 22:18:25,-0.24,80,Clear
2026-03-10 22:48:20,2.5,45,Clouds
2026-03-10 23:02:51,2.5,45,Clouds
2026-03-10 23:35:16,2.5,45,Clouds
2026-03-10 23:52:56,3.72,38,Clouds
2026-03-11 00:00:26,3.72,38,Clouds
2026-03-11 02:06:40,6.03,27,Clouds
2026-03-11 04:17:06,8.15,22,Clouds
2026-03-11 05:17:28,6.76,45,Clouds
2026-03-11 06:04:09,6.76,45,Clouds
2026-03-11 07:06:50,9.43,25,Clouds
2026-03-11 07:50:32,8.76,53,Clouds
2026-03-11 08:23:45,7.76,61,Clear
2026-03-11 09:03:04,8.38,35,Clouds
2026-03-11 09:54:36,5.76,70,Clear
2026-03-11 10:25:46,4.76,70,Clear
2026-03-11 11:04:30,4.76,70,Clear
2026-03-11 11:41:15,6.22,55,Clouds
2026-03-11 12:00:11,3.76,75,Clear
2026-03-11 13:02:35,5.9,60,Clear
2026-03-11 14:08:36,5.52,65,Clear
2026-03-11 15:01:07,-0.24,100,Clear
2026-03-11 15:52:50,-0.24,100,Clear
2026-03-11 16:36:09,-0.24,100,Mist
2026-03-11 17:30:40,4.69,73,Clear
2026-03-11 18:10:10,4.32,65,Clear
2026-03-11 19:08:08,4.04,65,Clear
2026-03-11 19:47:49,3.75,65,Clear
2026-03-11 20:17:11,-1.24,100,Mist
2026-03-11 20:50:30,-1.24,100,Mist
2026-03-11 21:17:07,-2.24,100,Mist
2026-03-11 21:48:58,-2.24,100,Fog
2026-03-11 22:02:02,3.22,64,Clear
2026-03-11 22:32:35,3.22,64,Clear
2026-03-11 22:51:40,-2.24,100,Fog
2026-03-11 23:01:41,3.77,61,Clear
2026-03-11 23:31:34,3.77,61,Clear
2026-03-11 23:51:08,5.01,54,Clear
2026-03-12 00:01:22,5.01,54,Clear
2026-03-12 02:30:41,7.83,43,Clear
2026-03-12 04:25:36,12.76,38,Clear
2026-03-12 05:32:16,12.76,38,Clear
2026-03-12 06:11:07,11.68,26,Clear
2026-03-12 07:11:32,12.76,28,Clear
2026-03-12 07:53:26,11.97,23,Clouds
2026-03-12 08:26:41,12.76,26,Clear
2026-03-12 09:05:52,10.96,29,Clouds
2026-03-12 09:56:38,11.76,28,Clear
2026-03-12 10:30:35,10.2,30,Clouds
2026-03-12 11:06:32,8.56,40,Clouds
2026-03-12 11:38:59,7.78,43,Clouds
2026-03-12 11:54:57,7.78,43,Clouds
2026-03-12 12:27:35,6.76,53,Clear
2026-03-12 13:40:13,6.76,53,Clear
2026-03-12 14:31:02,5.87,48,Clear
2026-03-12 15:30:21,4.76,60,Clear
2026-03-12 16:34:03,2.76,70,Clear
2026-03-12 17:27:54,2.76,70,Clear
2026-03-12 18:07:33,2.76,70,Clear
2026-03-12 19:07:48,1.76,75,Clear
2026-03-12 19:48:56,-1.24,86,Clear
2026-03-12 20:17:32,0.76,80,Clear
2026-03-12 20:53:41,3.86,54,Clear
2026-03-12 21:19:50,3.86,54,Clear
2026-03-12 21:50:11,3.49,54,Clear
2026-03-12 22:02:15,3.49,54,Clear
2026-03-12 22:33:28,-0.24,93,Clear
2026-03-12 22:55:34,-0.24,93,Clear
2026-03-12 23:16:39,3.82,51,Clear
2026-03-12 23:43:49,4.65,45,Clear
2026-03-12 23:58:23,1.76,87,Clear
2026-03-13 01:46:35,7.09,31,Clear
2026-03-13 03:57:56,9.76,29,Clear
2026-03-13 05:10:53,9.95,22,Clear
2026-03-13 06:02:09,11.76,26,Clear
2026-03-13 07:03:33,11.09,21,Clear
2026-03-13 07:50:46,12.76,24,Clear
2026-03-13 08:23:25,11.1,22,Clear
2026-03-13 09:01:19,11.76,24,Clear
2026-03-13 09:43:26,10.76,37,Clear
2026-03-13 10:06:29,10.13,25,Clouds
2026-03-13 10:52:20,9.48,28,Clouds
2026-03-13 11:20:17,9.48,28,Clouds
2026-03-13 11:47:28,8.81,30,Clouds
2026-03-13 12:02:21,8.81,30,Clouds
2026-03-13 13:13:48,4.76,65,Clear
2026-03-13 14:06:05,3.76,70,Clear
2026-03-13 14:55:54,2.76,81,Clear
2026-03-13 15:32:53,1.76,93,Clear
2026-03-13 16:05:01,7.07,37,Clouds
2026-03-13 16:53:35,1.76,87,Clear
2026-03-13 17:24:16,6.57,39,Clouds
2026-03-13 17:54:37,1.76,87,Clear
2026-03-13 18:23:50,6.42,40,Clouds
2026-03-13 19:04:03,5.96,43,Clouds
2026-03-13 19:39:22,5.96,43,Clouds
2026-03-13 19:58:55,2.76,87,Clear
2026-03-13 20:30:59,5.62,44,Clouds
2026-03-13 21:01:25,2.76,87,Clear
2026-03-13 21:37:41,5.31,46,Clouds
2026-03-13 21:58:58,5.31,46,Clouds
2026-03-13 22:26:03,5.31,46,Clouds
2026-03-13 22:49:50,5.7,45,Clouds
2026-03-13 23:03:48,3.76,75,Clear
2026-03-13 23:36:56,5.76,56,Clear
2026-03-13 23:55:48,6.38,43,Clouds
2026-03-14 01:03:10,7.76,53,Clear
2026-03-14 03:30:34,8.97,34,Clouds
2026-03-14 04:57:36,12.76,33,Clear
2026-03-14 05:40:53,11.76,32,Clear
2026-03-14 06:27:38,11.02,26,Clouds
2026-03-14 07:10:03,10.68,25,Clouds
2026-03-14 07:48:10,8.76,40,Clear
2026-03-14 08:01:40,9.89,27,Clouds
2026-03-14 08:41:45,9.03,33,Clouds
2026-03-14 09:04:03,7.76,39,Clear
2026-03-14 09:43:45,7.76,39,Clear
2026-03-14 09:59:49,7.76,39,Clear
2026-03-14 10:28:28,8.22,41,Clouds
2026-03-14 10:53:18,7.74,49,Clouds
2026-03-14 11:12:14,7.74,49,Clouds
2026-03-14 11:36:05,6.76,53,Clear
2026-03-14 11:51:07,6.76,53,Clear
2026-03-14 11:59:53,6.76,53,Clear
2026-03-14 12:52:16,6.98,62,Clouds
2026-03-14 13:35:44,5.76,65,Clear
2026-03-14 14:02:23,6.69,66,Clouds
2026-03-14 14:35:48,6.69,66,Clouds
2026-03-14 14:57:39,5.76,81,Clouds
2026-03-14 15:22:12,6.36,71,Clouds
2026-03-14 15:46:17,6.15,73,Clouds
2026-03-14 15:59:38,6.15,73,Clouds
2026-03-14 16:30:46,5.76,93,Clouds
2026-03-14 16:57:04,6.02,75,Clouds
2026-03-14 17:20:31,5.76,93,Clouds
2026-03-14 17:46:14,5.76,93,Clouds
2026-03-14 17:59:27,5.76,93,Clouds
2026-03-14 18:37:14,5.76,100,Mist
2026-03-14 19:05:10,5.76,100,Mist
2026-03-14 19:36:00,6.41,71,Clouds
2026-03-14 19:51:07,5.76,100,Mist
2026-03-14 20:00:19,6.26,71,Clouds
2026-03-14 20:29:41,5.76,100,Mist
2026-03-14 20:52:46,5.76,100,Mist
2026-03-14 21:13:54,6.15,72,Clouds
2026-03-14 21:41:36,4.76,100,Mist
2026-03-14 21:56:16,4.76,100,Mist
2026-03-14 22:15:43,6.15,72,Clouds
2026-03-14 22:46:03,5.76,100,Mist
2026-03-14 23:01:19,5.76,100,Mist
2026-03-14 23:32:24,5.76,100,Mist
2026-03-14 23:52:35,5.76,100,Mist
2026-03-15 01:03:48,6.76,87,Mist
2026-03-15 03:53:50,7.76,71,Drizzle
2026-03-15 05:23:23,9.56,54,Clouds
2026-03-15 06:12:56,9.63,48,Clouds
2026-03-15 07:12:45,9.4,49,Clouds
2026-03-15 07:52:02,9.29,50,Clouds
2026-03-15 08:21:14,9.76,53,Clear
2026-03-15 08:56:48,9.76,53,Haze
2026-03-15 09:26:06,8.32,55,Clouds
2026-03-15 09:54:42,8.76,57,Haze
2026-03-15 10:15:40,6.76,70,Clear
2026-03-15 10:49:46,6.76,70,Haze
2026-03-15 11:13:06,4.76,70,Clouds
2026-03-15 11:37:35,4.76,70,Clear
2026-03-15 11:53:21,6.46,55,Clouds
2026-03-15 12:01:18,4.76,70,Clear
2026-03-15 13:01:57,5.91,55,Clear
2026-03-15 13:51:03,2.76,70,Clear
2026-03-15 14:18:02,5.45,56,Clear
2026-03-15 14:50:39,1.76,80,Clear
2026-03-15 15:14:53,-0.24,86,Clouds
2026-03-15 15:44:32,-0.24,86,Mist
2026-03-15 15:59:26,-0.24,86,Mist
2026-03-15 16:31:48,4.82,56,Clouds
2026-03-15 16:57:40,4.53,57,Clouds
2026-03-15 17:21:51,-0.24,100,Clouds
2026-03-15 17:48:21,-0.24,100,Mist
2026-03-15 18:01:13,4.35,58,Clouds
2026-03-15 18:44:47,4.19,61,Clouds
2026-03-15 19:16:37,0.76,86,Clouds
2026-03-15 19:43:10,0.76,86,Mist
2026-03-15 19:56:25,0.76,86,Mist
2026-03-15 20:17:47,4.12,60,Clouds
2026-03-15 20:47:31,4.08,60,Clouds
2026-03-15 21:03:09,4.08,60,Clouds
2026-03-15 21:36:05,-0.24,100,Mist
2026-03-15 21:53:33,-0.24,100,Mist
2026-03-15 22:12:53,3.78,61,Clouds
2026-03-15 22:47:09,4.34,58,Clouds
2026-03-15 23:03:19,-1.24,100,Mist
2026-03-15 23:37:35,1.76,100,Mist
2026-03-15 23:56:14,1.76,100,Mist
2026-03-16 01:19:17,7.76,61,Clouds
2026-03-16 04:12:22,9.88,35,Clouds
2026-03-16 05:56:19,11.76,40,Haze
2026-03-16 07:04:57,11.76,40,Haze
2026-03-16 08:13:09,11.15,26,Clouds
2026-03-16 09:12:25,11.76,37,Haze
2026-03-16 10:14:00,9.63,29,Clouds
2026-03-16 11:55:43,8.24,32,Clouds
2026-03-16 12:42:09,7.88,33,Clear
2026-03-16 14:04:46,3.76,75,Clear
2026-03-16 15:12:14,1.76,80,Clear
2026-03-16 16:16:44,-0.24,93,Clear
2026-03-16 17:17:53,6.15,34,Clear
2026-03-16 18:10:35,5.76,34,Clear
2026-03-16 19:19:04,-0.24,86,Mist
2026-03-16 19:57:02,-0.24,86,Mist
2026-03-16 20:29:32,-1.24,100,Mist
2026-03-16 21:04:28,-1.24,100,Mist
2026-03-16 21:50:29,-2.24,100,Mist
2026-03-16 22:19:27,-2.24,100,Mist
2026-03-16 22:53:05,5.68,33,Clouds
2026-03-16 23:17:21,5.68,33,Clouds
2026-03-16 23:45:12,6.99,30,Clouds
2026-03-16 23:59:19,6.99,30,Clouds
2026-03-17 02:00:12,8.76,53,Haze
2026-03-17 04:20:19,14.65,17,Clear
2026-03-17 05:38:11,13.76,35,Haze
2026-03-17 06:41:41,15.59,16,Clear
2026-03-17 07:39:44,13.76,33,Haze
2026-03-17 08:27:07,13.42,13,Clear
2026-03-17 09:12:39,10.76,32,Clear
2026-03-17 10:07:54,10.76,32,Haze
2026-03-17 11:03:49,11.05,18,Clear
2026-03-17 11:49:11,5.76,42,Haze
2026-03-17 12:35:10,5.76,45,Clear
2026-03-17 14:00:01,9.35,22,Clouds
2026-03-17 14:57:08,3.76,60,Clear
2026-03-17 15:57:48,2.76,75,Clear
2026-03-17 16:59:30,8.95,21,Clouds
2026-03-17 17:57:26,3.76,75,Clear
2026-03-17 18:52:57,4.76,65,Clear
2026-03-17 19:44:42,4.76,65,Clouds
2026-03-17 20:21:22,4.76,70,Rain
2026-03-17 20:59:11,4.76,70,Rain
2026-03-17 21:36:08,5.74,57,Rain
2026-03-17 22:03:42,6.76,57,Rain
2026-03-17 22:44:32,5.76,70,Rain
2026-03-17 23:05:24,5.76,70,Rain
2026-03-17 23:42:09,6.76,76,Rain
2026-03-18 00:00:44,3.84,85,Rain
2026-03-18 02:28:51,4.76,93,Rain
2026-03-18 04:34:10,5.76,100,Rain
2026-03-18 05:47:10,6.52,69,Clouds
2026-03-18 06:43:55,7.1,70,Clouds
2026-03-18 07:39:57,9.76,66,Mist
2026-03-18 08:08:01,9.76,66,Mist
2026-03-18 09:03:37,8.71,59,Clouds
2026-03-18 10:03:18,7.76,66,Haze
2026-03-18 10:59:51,5.76,81,Haze
2026-03-18 11:46:00,6.41,46,Clouds
2026-03-18 12:35:41,5.69,52,Clouds
2026-03-18 14:02:54,3.76,87,Clouds
2026-03-18 15:14:46,5.04,40,Clouds
2026-03-18 16:17:29,2.76,60,Clear
2026-03-18 17:18:40,3.85,36,Clouds
2026-03-18 18:11:18,2.76,56,Clear
2026-03-18 19:17:08,-0.24,64,Clear
2026-03-18 19:53:19,-0.24,64,Clear
2026-03-18 20:22:28,2.98,36,Clouds
2026-03-18 20:59:00,-2.24,80,Clear
2026-03-18 21:32:09,2.76,35,Clouds
2026-03-18 21:59:50,-1.24,69,Clear
2026-03-18 22:32:21,-1.24,74,Clear
2026-03-18 22:58:15,-1.24,74,Clear
2026-03-18 23:27:11,2.76,60,Clear
2026-03-18 23:50:32,2.76,60,Clear
2026-03-19 00:03:19,2.76,60,Clear
2026-03-19 03:14:15,8.83,14,Clear
2026-03-19 05:03:03,9.77,17,Clear
2026-03-19 06:02:37,10.76,28,Clear
2026-03-19 07:07:47,8.57,22,Clouds
2026-03-19 07:53:25,8.05,29,Clouds
2026-03-19 08:26:20,7.76,34,Clear
2026-03-19 09:06:18,7.23,34,Clouds
2026-03-19 09:57:53,6.53,40,Clouds
2026-03-19 10:34:36,5.76,61,Clear
2026-03-19 11:10:04,5.76,61,Clear
2026-03-19 11:48:26,4.76,65,Clear
2026-03-19 12:27:54,4.76,70,Clear
2026-03-19 13:46:11,5.26,51,Clouds
2026-03-19 14:35:28,3.76,75,Clear
2026-03-19 15:27:54,4.95,56,Clouds
2026-03-19 16:14:03,2.76,81,Clear
2026-03-19 17:14:37,4.68,65,Clouds
2026-03-19 19:08:16,-0.24,100,Clear
2026-03-19 19:50:36,-1.24,100,Clouds
2026-03-19 20:21:18,3.57,73,Clear
2026-03-19 20:58:39,-0.24,93,Clear
2026-03-19 21:32:38,-2.24,100,Clouds
2026-03-19 21:56:38,-2.24,100,Clouds
2026-03-19 22:18:51,0.76,100,Clear
2026-03-19 22:49:43,0.76,100,Clouds
2026-03-19 23:15:06,4.15,70,Clear
2026-03-19 23:44:13,3.76,87,Clear
2026-03-19 23:58:54,3.76,87,Clear
2026-03-20 01:54:52,8.66,51,Clear
2026-03-20 04:01:22,10.76,58,Clouds
2026-03-20 05:17:23,12.06,20,Clear
2026-03-20 06:07:48,12.76,44,Clear
2026-03-20 07:10:36,12.76,44,Clear
2026-03-20 07:52:28,12.76,38,Clear
2026-03-20 08:25:09,11.75,25,Clouds
2026-03-20 09:02:22,10.64,27,Clouds
2026-03-20 09:52:23,9.76,46,Clear
2026-03-20 10:23:58,7.76,61,Clear
2026-03-20 11:00:11,7.76,61,Clear
2026-03-20 11:32:19,6.76,61,Clear
2026-03-20 11:55:22,6.76,61,Clear
2026-03-20 12:29:39,3.76,60,Clear
2026-03-20 13:39:14,1.76,80,Clear
2026-03-20 14:26:26,7.16,41,Clear
2026-03-20 15:08:16,1.76,75,Clear
2026-03-20 15:54:22,0.76,86,Clear
2026-03-20 16:26:52,-0.24,93,Clear
2026-03-20 17:06:56,5.89,47,Clear
2026-03-20 17:49:39,-0.24,93,Clear
2026-03-20 18:26:28,-1.24,93,Mist
2026-03-20 19:09:34,-1.24,93,Mist
2026-03-20 19:46:44,-0.24,100,Mist
2026-03-20 20:02:03,-0.24,100,Mist
2026-03-20 20:39:50,-1.24,93,Mist
2026-03-20 21:01:24,4.67,51,Clear
2026-03-20 21:34:55,4.67,51,Clear
2026-03-20 21:55:34,4.55,50,Clear
2026-03-20 22:15:28,-0.24,100,Mist
2026-03-20 22:48:27,-0.24,100,Mist
2026-03-20 23:03:45,-0.24,100,Mist
2026-03-20 23:37:56,4.76,87,Mist
2026-03-20 23:55:22,6.75,38,Clear
2026-03-21 00:57:04,6.76,65,Mist
2026-03-21 03:14:51,12.76,28,Clear
2026-03-21 04:47:07,12.52,13,Clouds
2026-03-21 05:31:19,13.76,18,Clear
2026-03-21 06:02:20,13.76,18,Clear
2026-03-21 06:55:22,12.28,12,Clear
2026-03-21 07:24:45,13.76,28,Clear
2026-03-21 07:49:03,13.76,28,Clear
2026-03-21 08:00:27,11.58,14,Clear
2026-03-21 08:35:55,12.76,28,Clear
2026-03-21 09:00:23,10.56,16,Clear
2026-03-21 09:33:46,10.76,28,Clear
2026-03-21 09:56:00,9.69,18,Clear
2026-03-21 10:16:11,9.69,18,Clear
2026-03-21 10:46:36,6.76,33,Clear
2026-03-21 11:00:26,6.76,33,Clear
2026-03-21 11:25:03,4.76,42,Clear
2026-03-21 11:42:06,8.86,21,Clear
2026-03-21 11:54:17,8.86,21,Clear
2026-03-21 12:00:25,4.76,42,Clear
2026-03-21 12:52:49,8.37,22,Clear
2026-03-21 13:33:27,8.37,22,Clear
2026-03-21 13:59:50,8.01,24,Clear
2026-03-21 14:26:57,3.76,65,Clear
2026-03-21 14:50:32,3.76,65,Clear
2026-03-21 15:02:25,8,24,Clouds
2026-03-21 15:33:15,1.76,69,Clear
2026-03-21 15:50:20,1.76,69,Clear
2026-03-21 16:01:14,1.76,69,Clear
2026-03-21 16:34:58,7.65,25,Clouds
2026-03-21 16:56:46,2.76,70,Clear
2026-03-21 17:18:48,7.41,28,Clouds
2026-03-21 17:44:03,1.76,80,Clear
2026-03-21 17:57:31,1.76,80,Clear
2026-03-21 18:27:19,7.32,28,Clouds
2026-03-21 18:58:59,2.76,75,Clear
2026-03-21 19:22:31,2.76,81,Clear
2026-03-21 19:41:16,7.35,24,Clouds
2026-03-21 19:52:36,2.76,81,Clear
2026-03-21 19:59:38,2.76,81,Clear
2026-03-21 20:26:17,1.76,87,Clear
2026-03-21 20:47:10,1.76,87,Clear
2026-03-21 21:00:43,7.34,24,Clouds
2026-03-21 21:27:55,2.76,87,Clear
2026-03-21 21:45:49,2.76,87,Clear
2026-03-21 21:57:14,2.76,87,Clear
2026-03-21 22:16:40,2.76,87,Clear
2026-03-21 22:44:25,2.76,87,Clear
2026-03-21 22:58:41,2.76,87,Clear
2026-03-21 23:21:12,7.71,23,Clouds
2026-03-21 23:42:56,4.76,70,Clear
2026-03-21 23:56:30,4.76,70,Clear
2026-03-22 01:17:54,11.76,35,Clear
2026-03-22 03:46:36,15.76,21,Clear
2026-03-22 05:11:15,17.76,16,Clear
2026-03-22 06:05:02,17.76,16,Clear
2026-03-22 07:02:26,17.76,17,Clear
2026-03-22 07:41:23,16.76,16,Clear
2026-03-22 08:00:13,16.76,16,Clear
2026-03-22 08:35:53,16.32,14,Clouds
2026-03-22 09:01:35,14.76,25,Clear
2026-03-22 09:38:09,12.57,18,Clouds
2026-03-22 09:57:46,12.57,18,Clouds
2026-03-22 10:21:22,12.52,18,Clouds
2026-03-22 10:49:10,9.76,34,Clear
2026-03-22 11:02:09,9.76,34,Clear
2026-03-22 11:29:28,11.68,18,Clouds
2026-03-22 11:46:07,11.23,20,Clouds
2026-03-22 11:57:10,11.23,20,Clouds
2026-03-22 12:33:15,6.76,45,Clear
2026-03-22 13:27:58,10.77,21,Clouds
2026-03-22 13:58:15,9.99,23,Clouds
2026-03-22 14:23:38,5.76,49,Clear
2026-03-22 14:49:24,5.76,49,Clear
2026-03-22 15:02:30,9.44,24,Clouds
2026-03-22 15:33:28,4.76,52,Clear
2026-03-22 15:50:52,8.9,25,Clouds
2026-03-22 16:00:50,8.9,25,Clouds
2026-03-22 16:34:29,1.76,69,Clear
2026-03-22 16:57:19,1.76,69,Clear
2026-03-22 17:19:28,2.76,75,Clear
2026-03-22 17:44:40,2.76,75,Clear
2026-03-22 17:58:03,8.1,29,Clouds
2026-03-22 18:29:49,8.1,29,Clouds
2026-03-22 19:01:32,1.76,75,Clear
2026-03-22 19:30:38,8.07,33,Clouds
2026-03-22 19:46:55,0.76,69,Clear
2026-03-22 19:57:19,0.76,69,Clear
2026-03-22 20:19:07,7.85,34,Clouds
2026-03-22 20:46:20,0.76,80,Clear
2026-03-22 21:00:48,0.76,80,Clear
2026-03-22 21:29:09,0.76,80,Clear
2026-03-22 21:49:04,7.51,35,Clouds
2026-03-22 21:59:55,0.76,80,Clear
2026-03-22 22:25:52,7.51,35,Clouds
2026-03-22 22:48:36,0.76,80,Clear
2026-03-22 23:02:21,0.76,80,Clear
2026-03-22 23:35:00,5.76,70,Clear
2026-03-22 23:55:15,5.76,70,Clear
2026-03-23 01:04:25,8.76,49,Clear
2026-03-23 03:48:04,15.76,21,Clear
2026-03-23 05:24:28,19.01,20,Clouds
2026-03-23 06:43:36,18.76,20,Clear
2026-03-23 07:47:23,17.76,27,Clear
2026-03-23 08:36:20,16.76,39,Clear
2026-03-23 09:40:54,14.76,41,Clear
2026-03-23 10:34:10,10.76,54,Clear
2026-03-23 11:25:45,7.76,71,Clouds
2026-03-23 11:59:09,7.76,71,Clouds
2026-03-23 13:03:17,12.89,31,Clouds
2026-03-23 14:18:42,5.76,70,Clouds
2026-03-23 15:16:55,3.76,87,Clouds
2026-03-23 16:12:07,3.76,87,Clouds
2026-03-23 17:08:12,3.76,87,Clouds
2026-03-23 17:59:40,10.36,44,Clouds
2026-03-23 18:54:35,10.08,41,Clouds
2026-03-23 19:37:57,10.08,41,Clouds
2026-03-23 20:06:48,2.76,93,Mist
2026-03-23 20:50:34,9.55,47,Clouds
2026-03-23 21:22:10,9.55,47,Clouds
2026-03-23 21:52:05,3.76,93,Mist
2026-03-23 22:17:21,9.36,48,Clouds
2026-03-23 22:53:13,2.76,100,Mist
2026-03-23 23:18:14,10.03,46,Clouds
2026-03-23 23:49:05,8.76,71,Haze
2026-03-24 00:02:19,8.76,71,Haze
2026-03-24 02:42:05,16.07,34,Clouds
2026-03-24 04:32:07,16.76,29,Haze
2026-03-24 05:43:38,17.68,33,Clouds
2026-03-24 06:43:05,15.76,39,Clear
2026-03-24 07:40:16,17.49,35,Clouds
2026-03-24 08:27:47,17.3,33,Clouds
2026-03-24 09:13:14,14.76,55,Clear
2026-03-24 10:08:50,12.76,58,Clear
2026-03-24 11:05:41,11.76,58,Clear
2026-03-24 11:52:09,12.45,38,Clouds
2026-03-24 12:36:36,9.76,71,Clouds
2026-03-24 13:59:53,9.76,76,Clouds
2026-03-24 14:58:15,8.76,76,Clouds
2026-03-24 16:02:32,11.73,39,Clouds
2026-03-24 17:08:24,7.76,87,Clouds
2026-03-24 18:04:45,11.01,39,Clouds
2026-03-24 19:17:07,11.01,32,Clouds
2026-03-24 19:56:49,10.63,32,Clouds
2026-03-24 20:32:58,10.63,32,Clouds
2026-03-24 21:07:26,6.76,93,Mist
2026-03-24 21:49:41,6.76,93,Mist
2026-03-24 22:15:45,6.76,93,Clouds
2026-03-24 22:50:26,6.76,93,Clouds
2026-03-24 23:17:17,10.75,31,Clouds
2026-03-24 23:47:55,8.76,93,Mist
2026-03-25 00:02:09,8.76,93,Mist
2026-03-25 02:45:02,17.38,36,Clouds
2026-03-25 04:34:21,18.99,26,Clouds
2026-03-25 05:45:03,19.74,23,Clear
2026-03-25 06:43:07,16.76,51,Clear
2026-03-25 07:39:36,16.76,48,Clear
2026-03-25 08:26:53,14.76,44,Clear
2026-03-25 09:12:48,14.76,44,Clear
2026-03-25 10:07:53,15.28,37,Clear
2026-03-25 11:02:19,9.76,71,Clear
2026-03-25 11:47:03,8.76,71,Clear
2026-03-25 12:32:45,12.52,39,Clear
2026-03-25 13:56:56,11.19,49,Clear
2026-03-25 14:53:17,6.76,93,Clear
2026-03-25 15:55:02,6.76,100,Clouds
2026-03-25 16:49:57,10.37,56,Clear
2026-03-25 17:44:36,5.76,100,Mist
2026-03-25 18:35:13,3.76,100,Mist
2026-03-25 19:28:07,3.76,100,Mist
2026-03-25 19:59:28,9.43,62,Clear
2026-03-25 20:37:35,2.76,100,Mist
2026-03-25 21:05:43,9.23,62,Clouds
2026-03-25 21:51:00,9.3,61,Clouds
2026-03-25 22:21:09,9.3,61,Clouds
2026-03-25 22:58:15,2.76,100,Mist
2026-03-25 23:30:01,6.76,100,Mist
2026-03-25 23:58:25,6.76,100,Mist
2026-03-26 01:58:57,16.51,33,Clear
2026-03-26 04:31:21,19.52,30,Clear
2026-03-26 05:56:35,16.76,39,Haze
2026-03-26 06:57:49,17.76,36,Haze
2026-03-26 07:58:56,16.76,42,Haze
2026-03-26 08:51:55,17.72,28,Clouds
2026-03-26 09:46:45,15.85,35,Clouds
2026-03-26 10:36:27,8.76,87,Haze
2026-03-26 11:30:43,5.76,100,Clouds
2026-03-26 12:07:13,12.52,46,Clouds
2026-03-26 13:53:24,4.76,100,Mist
2026-03-26 14:54:29,3.76,100,Mist
2026-03-26 15:58:15,3.76,100,Mist
2026-03-26 16:56:20,10.43,59,Clouds
2026-03-26 17:52:29,3.76,100,Mist
2026-03-26 18:44:38,3.76,100,Mist
2026-03-26 19:43:03,2.76,100,Mist
2026-03-26 20:04:57,2.76,100,Mist
2026-03-26 20:47:19,5.76,100,Mist
2026-03-26 21:16:56,5.76,100,Mist
2026-03-26 21:46:53,9.3,59,Clear
2026-03-26 21:59:56,9.3,59,Clear
2026-03-26 22:29:57,5.76,100,Mist
2026-03-26 22:56:32,5.76,100,Mist
2026-03-26 23:22:17,10.07,57,Clear
2026-03-26 23:51:19,6.76,100,Mist
2026-03-27 01:02:27,8.76,93,Mist
2026-03-27 03:52:02,13.76,62,Haze
2026-03-27 05:26:40,20.24,30,Clear
2026-03-27 06:42:58,15.76,48,Haze
2026-03-27 07:44:50,19.22,38,Clear
2026-03-27 08:29:56,15.76,55,Clear
2026-03-27 09:26:32,13.76,54,Haze
2026-03-27 10:09:27,13.76,54,Haze
2026-03-27 11:03:31,13.1,53,Clear
2026-03-27 11:49:01,12.33,56,Clear
2026-03-27 12:30:18,12.02,56,Clear
2026-03-27 13:49:08,5.76,100,Mist
2026-03-27 14:39:01,11.39,60,Clouds
2026-03-27 15:28:32,5.76,100,Fog
2026-03-27 16:12:12,11.03,59,Clouds
2026-03-27 17:08:55,5.76,100,Mist
2026-03-27 17:59:41,5.76,100,Mist
2026-03-27 18:55:16,4.76,100,Mist
2026-03-27 19:33:40,4.76,100,Mist
2026-03-27 20:00:25,4.76,100,Mist
2026-03-27 20:40:32,4.76,100,Mist
2026-03-27 21:07:15,9.14,62,Clouds
2026-03-27 21:49:06,4.76,100,Mist
2026-03-27 22:03:53,9.21,61,Clouds
2026-03-27 22:44:52,5.76,100,Mist
2026-03-27 23:16:42,5.76,100,Mist
2026-03-27 23:47:05,11.53,48,Clouds
2026-03-28 00:01:26,11.53,48,Clouds
2026-03-28 02:35:13,15.86,30,Clear
2026-03-28 04:32:56,17.76,39,Haze
2026-03-28 05:41:17,17.76,45,Haze
2026-03-28 06:37:04,18.63,22,Clear
2026-03-28 07:29:41,18.76,32,Clear
2026-03-28 07:59:31,18.64,21,Clear
2026-03-28 08:37:38,17.76,42,Haze
2026-03-28 09:07:43,15.76,41,Haze
2026-03-28 09:50:14,17.07,23,Clear
2026-03-28 10:16:23,8.76,81,Clear
2026-03-28 10:51:53,8.76,81,Haze
2026-03-28 11:15:23,5.76,93,Clear
2026-03-28 11:41:54,5.76,93,Haze
2026-03-28 11:56:25,5.76,93,Haze
2026-03-28 12:32:34,5.76,81,Haze
2026-03-28 13:33:33,4.76,87,Haze
2026-03-28 14:05:14,13.15,35,Clear
2026-03-28 14:42:50,4.76,100,Haze
2026-03-28 15:02:44,4.76,100,Haze
2026-03-28 15:38:34,4.76,100,Haze
2026-03-28 15:58:23,4.76,100,Haze
2026-03-28 16:28:46,4.76,93,Haze
2026-03-28 16:58:42,12.36,36,Clouds
2026-03-28 17:25:31,3.76,93,Clouds
2026-03-28 17:51:57,3.76,93,Haze
2026-03-28 18:19:30,3.76,100,Mist
2026-03-28 19:01:35,3.76,100,Mist
2026-03-28 19:33:30,10.94,39,Clouds
2026-03-28 19:54:00,10.94,39,Clouds
2026-03-28 20:15:04,3.76,100,Mist
2026-03-28 20:48:47,10.79,39,Clouds
2026-03-28 21:14:22,10.79,39,Clouds
2026-03-28 21:44:48,3.76,100,Mist
2026-03-28 21:59:16,3.76,100,Mist
2026-03-28 22:27:18,3.76,100,Clouds
2026-03-28 22:53:57,11.85,35,Clouds
2026-03-28 23:17:22,7.76,87,Clouds
2026-03-28 23:47:39,7.76,87,Haze
2026-03-29 00:02:12,7.76,87,Haze
2026-03-29 03:17:35,17.76,29,Clear
2026-03-29 05:20:37,18.76,26,Clear
2026-03-29 06:37:17,16.76,39,Clear
2026-03-29 07:35:37,16.76,31,Haze
2026-03-29 08:03:00,16.76,31,Haze
2026-03-29 08:52:50,17.76,24,Clear
2026-03-29 09:23:29,16.76,19,Clouds
2026-03-29 09:56:26,14.76,29,Clear
2026-03-29 10:22:57,11.76,35,Clear
2026-03-29 10:55:54,13.93,18,Clouds
2026-03-29 11:19:31,13.93,18,Clouds
2026-03-29 11:46:06,11.76,40,Clear
2026-03-29 11:59:35,15.1,18,Clouds
2026-03-29 12:54:41,14.52,18,Clouds
2026-03-29 13:42:34,14.33,20,Clouds
2026-03-29 14:19:24,8.76,53,Clear
2026-03-29 14:54:39,8.76,53,Clear
2026-03-29 15:18:38,13.77,21,Clouds
2026-03-29 15:47:54,7.76,66,Clear
2026-03-29 16:03:51,13.16,22,Clouds
2026-03-29 16:47:12,8.76,61,Clear
2026-03-29 17:16:05,12.66,24,Clouds
2026-03-29 17:48:35,12.55,24,Clouds
2026-03-29 18:03:54,12.55,24,Clouds
2026-03-29 18:57:34,9.76,46,Clear
2026-03-29 19:27:58,8.76,57,Clear
2026-03-29 19:52:38,8.76,57,Clear
2026-03-29 20:16:19,8.76,61,Clear
2026-03-29 20:51:10,8.76,61,Clear
2026-03-29 21:17:33,12.37,22,Clouds
2026-03-29 21:47:54,7.76,71,Clear
2026-03-29 22:01:54,7.76,71,Clear
2026-03-29 22:37:18,12.33,22,Clouds
2026-03-29 23:02:18,13.15,22,Clouds
2026-03-29 23:39:53,10.76,58,Clear
2026-03-30 00:01:00,10.76,58,Clear
2026-03-30 02:46:44,14.76,41,Clear
2026-03-30 05:13:48,20.76,28,Clear
2026-03-30 07:00:08,20.76,30,Clear
2026-03-30 08:21:14,18.59,23,Clouds
2026-03-30 09:50:15,17,26,Clouds
2026-03-30 10:49:22,16.07,33,Clouds
2026-03-30 11:42:12,15.76,41,Rain
2026-03-30 12:39:20,13.76,58,Rain
2026-03-30 14:09:00,13.88,63,Rain
2026-03-30 15:20:43,11.76,100,Rain
2026-03-30 16:14:33,11.76,100,Rain
2026-03-30 17:11:07,10.76,100,Rain
2026-03-30 18:04:07,10.76,100,Rain
2026-03-30 19:13:28,9.76,100,Rain
2026-03-30 19:59:59,11.09,81,Rain
2026-03-30 20:44:47,10.86,81,Rain
2026-03-30 21:26:56,10.86,81,Rain
2026-03-30 22:01:01,9.76,100,Rain
2026-03-30 22:39:56,11.35,77,Clouds
2026-03-30 23:07:06,9.76,100,Clouds
2026-03-30 23:48:06,12.73,67,Clouds
2026-03-31 01:01:55,11.76,82,Mist
2026-03-31 03:52:10,15.76,63,Clouds
2026-03-31 05:29:16,16.76,55,Clouds
2026-03-31 06:48:17,17.76,48,Clouds
2026-03-31 07:57:12,17.76,52,Clouds
2026-03-31 08:49:18,18.35,48,Rain
2026-03-31 09:48:07,17.39,49,Clouds
2026-03-31 10:39:43,15.76,59,Clear
2026-03-31 11:30:35,13.76,72,Clear
2026-03-31 12:06:46,13.76,72,Clear
2026-03-31 13:57:31,14.24,55,Clouds
2026-03-31 14:55:14,9.76,87,Clouds
2026-03-31 15:56:05,13.96,56,Clouds
2026-03-31 16:47:00,13.72,57,Clouds
2026-03-31 17:42:17,8.76,100,Clear
2026-03-31 18:36:52,8.76,100,Clear
2026-03-31 19:35:45,7.76,100,Clouds
2026-03-31 20:07:25,7.76,100,Clouds
2026-03-31 20:54:36,6.76,100,Clouds
2026-03-31 21:25:42,7.76,100,Clouds
2026-03-31 21:59:49,7.76,100,Clouds
2026-03-31 22:34:20,8.76,100,Clouds
2026-03-31 23:02:05,8.76,100,Clouds
2026-03-31 23:39:20,11.76,94,Clear
2026-04-01 00:02:20,11.76,94,Clear
2026-04-01 03:27:11,16.76,59,Clouds
2026-04-01 05:34:17,16.76,59,Haze
2026-04-01 07:01:29,14.76,63,Haze
2026-04-01 08:17:21,14.76,31,Clear
2026-04-01 09:36:47,13.76,41,Clear
2026-04-01 10:36:03,11.76,40,Clear
2026-04-01 11:31:55,10.76,54,Clear
2026-04-01 12:07:35,10.76,54,Clear
2026-04-01 14:00:33,6.76,76,Clouds
2026-04-01 15:06:20,6.76,70,Clouds
2026-04-01 16:11:10,11.01,42,Clouds
2026-04-01 17:09:45,3.76,93,Clear
2026-04-01 18:00:06,3.76,93,Clear
2026-04-01 19:03:03,4.76,87,Clear
2026-04-01 19:59:45,3.76,93,Clear
2026-04-01 20:42:40,3.76,93,Mist
2026-04-01 21:26:36,2.76,100,Mist
2026-04-01 22:01:34,2.76,100,Mist
2026-04-01 22:42:29,3.76,100,Mist
2026-04-01 23:20:58,7.76,87,Mist
2026-04-01 23:51:38,7.76,87,Mist
2026-04-02 00:59:32,9.76,71,Haze
2026-04-02 03:42:10,15.76,44,Haze
2026-04-02 05:23:17,15.57,27,Clear
2026-04-02 06:43:00,15.76,36,Clear
2026-04-02 07:49:37,15.76,39,Clear
2026-04-02 08:40:04,13.76,41,Clear
2026-04-02 09:39:52,12.76,41,Clear
2026-04-02 10:33:06,10.76,46,Clear
2026-04-02 11:26:04,9.76,53,Clear
2026-04-02 12:03:21,9.76,53,Clear
2026-04-02 13:48:02,7.76,71,Haze
2026-04-02 14:42:36,7.76,81,Haze
2026-04-02 15:40:08,5.76,100,Mist
2026-04-02 16:33:30,5.76,100,Mist
2026-04-02 17:26:01,6.76,100,Mist
2026-04-02 18:06:05,6.76,100,Mist
2026-04-02 19:10:38,5.76,100,Mist
2026-04-02 19:54:49,5.76,100,Mist
2026-04-02 20:20:55,6.76,100,Mist
2026-04-02 20:56:49,6.76,100,Mist
2026-04-02 21:28:58,6.76,100,Mist
2026-04-02 22:00:20,6.76,100,Mist
2026-04-02 22:32:01,6.76,100,Mist
2026-04-02 23:01:14,6.76,100,Mist
2026-04-02 23:38:45,8.76,81,Mist
2026-04-03 00:02:50,8.76,81,Mist
2026-04-03 03:17:56,17.76,45,Clouds
2026-04-03 05:16:33,20.76,28,Clear
2026-04-03 06:18:48,21.76,26,Clear
2026-04-03 07:38:24,20.76,32,Clear
2026-04-03 08:28:48,19.76,37,Clear
2026-04-03 09:27:51,17.76,36,Clear
2026-04-03 10:07:13,17.76,36,Clear
2026-04-03 10:58:48,15.76,36,Clear
2026-04-03 11:35:40,14.76,44,Clear
2026-04-03 12:02:52,14.76,44,Clear
2026-04-03 13:21:54,14.76,55,Clouds
2026-04-03 14:08:38,14.76,55,Clouds
2026-04-03 14:58:15,13.76,62,Clouds
2026-04-03 15:35:56,12.76,71,Clouds
2026-04-03 16:04:52,12.76,71,Clouds
2026-04-03 16:53:58,13.76,62,Rain
2026-04-03 17:22:08,13.76,62,Rain
2026-04-03 17:55:06,13.76,62,Rain
2026-04-03 18:28:30,12.76,67,Rain
2026-04-03 19:10:23,12.76,67,Rain
2026-04-03 19:50:55,12.76,62,Rain
2026-04-03 20:18:41,12.76,67,Rain
2026-04-03 20:55:17,12.76,67,Haze
2026-04-03 21:21:31,12.76,67,Rain
2026-04-03 21:52:14,12.76,67,Rain
2026-04-03 22:17:15,11.76,76,Rain
2026-04-03 22:54:21,11.76,76,Rain
2026-04-03 23:21:29,12.76,71,Rain
2026-04-03 23:51:44,12.76,71,Mist
2026-04-04 00:57:53,13.76,67,Mist
2026-04-04 03:29:52,18.76,52,Clouds
2026-04-04 05:08:34,18.76,55,Clouds
2026-04-04 06:09:06,17.76,59,Clouds
2026-04-04 07:14:23,16.76,63,Clear
2026-04-04 07:55:17,16.76,63,Clear
2026-04-04 08:26:21,15.76,63,Clear
2026-04-04 09:03:17,15.76,63,Clear
2026-04-04 09:50:06,13.76,72,Clouds
2026-04-04 10:18:51,10.76,76,Clear
2026-04-04 10:53:51,10.76,76,Clear
2026-04-04 11:17:33,10.76,76,Clouds
2026-04-04 11:45:07,10.76,76,Clouds
2026-04-04 11:59:14,10.76,76,Clouds
2026-04-04 12:52:32,9.76,81,Clouds
2026-04-04 13:42:13,8.76,81,Clouds
2026-04-04 14:19:29,7.76,93,Clouds
2026-04-04 14:54:17,7.76,93,Mist
2026-04-04 15:17:42,7.76,87,Clouds
2026-04-04 15:47:49,7.76,87,Mist
2026-04-04 16:03:36,7.76,87,Mist
2026-04-04 16:47:55,7.76,93,Mist
2026-04-04 17:16:32,7.76,87,Clouds
2026-04-04 17:48:34,7.76,87,Mist
2026-04-04 18:03:30,7.76,87,Mist
2026-04-04 18:56:42,6.76,93,Mist
2026-04-04 19:25:18,6.76,93,Clouds
2026-04-04 19:49:58,6.76,93,Mist
2026-04-04 20:01:32,6.76,93,Mist
2026-04-04 20:37:40,6.76,87,Mist
2026-04-04 21:00:34,6.76,87,Mist
2026-04-04 21:33:05,6.76,93,Mist
2026-04-04 21:56:25,6.76,93,Mist
2026-04-04 22:19:13,6.76,87,Clouds
2026-04-04 22:51:11,6.76,87,Mist
2026-04-04 23:16:49,7.76,76,Clouds
2026-04-04 23:47:27,7.76,76,Mist
2026-04-05 00:02:45,7.76,76,Mist
2026-04-05 03:26:55,11.76,54,Haze
2026-04-05 05:23:53,14.76,47,Clear
2026-04-05 06:39:09,15.76,39,Clear
2026-04-05 07:39:52,15.76,39,Clear
2026-04-05 08:06:19,14.76,36,Clear
2026-04-05 08:57:22,14.76,36,Clear
2026-04-05 09:32:43,13.76,51,Clear
2026-04-05 10:03:53,13.76,51,Clear
2026-04-05 10:47:49,11.76,58,Clear
2026-04-05 11:15:51,10.76,66,Clear
2026-04-05 11:45:39,10.76,66,Clear
2026-04-05 11:59:20,10.76,66,Rain
2026-04-05 12:55:02,10.76,66,Thunderstorm
2026-04-05 13:44:02,7.76,100,Thunderstorm
2026-04-05 14:20:51,7.76,93,Rain
2026-04-05 14:55:39,7.76,93,Rain
2026-04-05 15:21:09,8.76,87,Clouds
2026-04-05 15:49:57,8.76,87,Clouds
2026-04-05 16:18:06,8.76,93,Clouds
2026-04-05 16:55:34,8.76,93,Clouds
2026-04-05 17:20:08,7.76,100,Clouds
2026-04-05 17:51:08,7.76,100,Clouds
2026-04-05 18:21:36,8.76,100,Clouds
2026-04-05 19:06:04,8.76,100,Clouds
2026-04-05 19:42:21,8.76,100,Clouds
2026-04-05 19:59:12,8.76,100,Clouds
2026-04-05 20:31:05,8.76,100,Mist
2026-04-05 20:59:27,8.76,100,Mist
2026-04-05 21:30:27,9.76,100,Mist
2026-04-05 21:55:15,9.76,100,Rain
2026-04-05 22:17:10,9.76,100,Mist
2026-04-05 22:52:22,9.76,100,Mist
2026-04-05 23:19:47,9.76,100,Mist
2026-04-05 23:50:58,9.76,100,Mist
2026-04-06 01:05:22,9.76,100,Mist
2026-04-06 04:11:50,10.76,76,Mist
2026-04-06 06:06:14,11.76,71,Haze
2026-04-06 07:58:41,12.76,62,Clouds
2026-04-06 09:05:10,13.76,30,Clouds
2026-04-06 10:18:06,13.46,15,Clouds
2026-04-06 11:13:44,9.89,13,Clouds
2026-04-06 11:57:40,9.16,13,Clouds
2026-04-06 12:56:18,7.76,34,Clear
2026-04-06 14:05:24,8.15,12,Clear
2026-04-06 15:00:30,7.8,13,Clear
2026-04-06 15:50:17,7.53,15,Clear
2026-04-06 16:31:34,3.76,48,Clear
2026-04-06 17:25:36,7.21,16,Clear
2026-04-06 18:08:52,2.76,65,Clear
2026-04-06 19:16:08,7.08,25,Clouds
2026-04-06 19:58:00,6.75,25,Clouds
2026-04-06 20:33:07,0.76,75,Clear
2026-04-06 21:06:56,0.76,75,Clear
2026-04-06 21:48:47,0.76,80,Clear
2026-04-06 22:18:51,2.76,75,Clear
2026-04-06 22:57:25,7.35,18,Clear
2026-04-06 23:28:47,7.35,18,Clear
2026-04-06 23:58:06,8.38,13,Clear
2026-04-07 01:57:29,9.82,14,Clear
2026-04-07 04:29:03,12.76,28,Clear
2026-04-07 06:04:10,13.01,15,Clear
2026-04-07 07:45:29,11.65,26,Clear
2026-04-07 08:45:31,11.76,32,Clear
2026-04-07 09:49:19,10.55,31,Clear
2026-04-07 10:42:32,10.05,31,Clear
2026-04-07 11:36:35,7.76,61,Clear
2026-04-07 12:38:24,6.76,70,Clear
2026-04-07 14:10:29,5.76,75,Clear
2026-04-07 15:40:57,3.76,75,Clear
2026-04-07 16:37:31,2.76,81,Clear
2026-04-07 17:36:05,7.11,43,Clear
2026-04-07 18:32:33,0.76,93,Clear
2026-04-07 19:37:23,6.65,52,Clear
2026-04-07 20:07:24,0.76,93,Clear
2026-04-07 21:00:34,0.76,93,Clear
2026-04-07 21:42:42,6.61,54,Clear
2026-04-07 22:21:33,1.76,100,Clear
2026-04-07 23:01:15,7.4,50,Clear
2026-04-07 23:40:43,6.76,76,Clear
2026-04-08 00:06:13,6.76,76,Clear
2026-04-08 03:27:51,12.54,29,Clear
2026-04-08 05:24:32,14.34,25,Clear
2026-04-08 06:52:05,14.63,18,Clear
2026-04-08 08:03:16,14.76,31,Clear
2026-04-08 09:14:38,13.66,23,Clear
2026-04-08 10:17:26,12.76,38,Clear
2026-04-08 11:15:43,12.51,27,Clear
2026-04-08 12:02:53,11.77,27,Clouds
2026-04-08 13:53:13,11.32,29,Clouds
2026-04-08 14:59:31,10.94,30,Clouds
2026-04-08 16:13:36,10.56,32,Clouds
2026-04-08 17:19:59,7.76,61,Clear
2026-04-08 18:19:35,7.76,61,Clear
2026-04-08 19:42:32,8.76,57,Rain
2026-04-08 20:22:32,10.38,31,Clouds
2026-04-08 21:04:49,8.76,61,Clear
2026-04-08 21:54:45,10.63,30,Clouds
2026-04-08 22:26:27,9.76,71,Clouds
2026-04-08 23:05:02,10.78,31,Clouds
2026-04-08 23:49:38,10.25,37,Clouds
2026-04-09 00:54:16,8.47,61,Rain
2026-04-09 03:39:38,8.26,74,Rain
2026-04-09 05:30:10,8.96,75,Rain
2026-04-09 06:55:25,10.83,79,Rain
2026-04-09 08:08:44,9.76,100,Rain
2026-04-09 09:22:22,10.76,100,Rain
2026-04-09 10:36:22,9.94,90,Rain
2026-04-09 11:33:42,9.94,90,Rain
2026-04-09 12:11:06,9.95,91,Rain
2026-04-09 14:10:37,10.25,94,Rain
2026-04-09 15:52:08,10.51,94,Rain
2026-04-09 16:53:50,10.53,94,Rain
2026-04-09 17:49:25,11.76,100,Clouds
2026-04-09 18:41:09,10.76,100,Rain
2026-04-09 19:48:14,10.94,96,Rain
2026-04-09 20:34:11,10.55,96,Rain
2026-04-09 21:24:20,9.76,100,Rain
2026-04-09 22:00:53,9.69,95,Clouds
2026-04-09 22:42:56,9.43,95,Rain
2026-04-09 23:24:53,9.43,95,Clouds
2026-04-09 23:56:35,9.69,94,Clouds
2026-04-10 01:27:55,9.69,89,Clouds
2026-04-10 04:24:47,12.57,70,Clouds
2026-04-10 06:12:26,11.6,72,Clouds
2026-04-10 07:58:02,11.3,72,Clouds
2026-04-10 09:02:32,10.5,76,Clouds
2026-04-10 10:13:01,9.89,78,Clouds
2026-04-10 11:11:19,9.3,82,Clouds
2026-04-10 11:58:04,8.9,84,Clouds
2026-04-10 12:59:14,8.67,84,Clouds
2026-04-10 14:15:32,8.76,100,Clouds
2026-04-10 15:06:49,8.18,87,Clear
2026-04-10 16:03:49,8.76,100,Clouds
2026-04-10 16:59:01,7.76,100,Mist
2026-04-10 17:45:01,7.78,90,Clouds
2026-04-10 18:34:09,7.76,100,Mist
2026-04-10 19:27:23,8.24,86,Clouds
2026-04-10 20:00:28,7.76,100,Mist
2026-04-10 20:39:19,7.76,100,Mist
2026-04-10 21:06:44,8.22,85,Clouds
2026-04-10 21:51:27,8.51,83,Clouds
2026-04-10 22:21:41,8.51,83,Clouds
2026-04-10 22:58:24,9.31,79,Clouds
2026-04-10 23:31:01,9.31,79,Clouds
2026-04-11 00:00:04,10.8,70,Clouds
2026-04-11 02:21:57,11.76,87,Mist
2026-04-11 04:30:50,16.04,42,Clear
2026-04-11 05:44:17,12.76,76,Haze
2026-04-11 06:41:43,17.21,40,Clear
2026-04-11 07:36:31,17.23,40,Clear
2026-04-11 08:05:55,16.75,35,Clouds
2026-04-11 08:57:33,16.54,28,Clouds
2026-04-11 09:33:58,15.44,30,Clouds
2026-04-11 10:05:45,15.43,30,Clouds
2026-04-11 10:49:54,14.65,21,Clouds
2026-04-11 11:17:26,14.65,21,Clouds
2026-04-11 11:46:18,7.76,100,Mist
2026-04-11 12:01:05,14.07,21,Clouds
2026-04-11 13:05:10,13.17,33,Clouds
2026-04-11 13:59:29,6.76,100,Mist
2026-04-11 14:35:48,5.76,100,Mist
2026-04-11 15:05:49,5.76,100,Mist
2026-04-11 15:42:50,11.77,34,Clouds
2026-04-11 16:01:57,11.77,34,Clouds
2026-04-11 16:43:25,11.34,36,Clouds
2026-04-11 17:16:59,11.34,36,Clouds
2026-04-11 17:50:06,4.76,100,Fog
2026-04-11 18:21:32,10.27,57,Clouds
2026-04-11 19:07:09,10.01,58,Clouds
2026-04-11 19:45:18,9.71,58,Clouds
2026-04-11 20:01:17,9.71,58,Clouds
2026-04-11 20:38:42,9.71,58,Clouds
2026-04-11 21:02:46,9.53,57,Clouds
2026-04-11 21:41:28,4.76,100,Fog
2026-04-11 22:00:12,9.9,54,Clouds
2026-04-11 22:33:27,11.33,46,Clouds
2026-04-11 23:02:28,11.33,46,Clouds
2026-04-11 23:42:52,13.04,36,Clouds
2026-04-12 00:03:24,13.04,36,Clouds
2026-04-12 03:37:42,20.57,23,Clouds
2026-04-12 05:36:05,21.76,30,Clear
2026-04-12 06:54:28,22.7,17,Clouds
2026-04-12 07:54:23,23.65,17,Clouds
2026-04-12 08:33:37,23.63,26,Clouds
2026-04-12 09:26:23,22.16,32,Clouds
2026-04-12 10:04:17,18.76,45,Clear
2026-04-12 10:52:24,18.59,26,Clouds
2026-04-12 11:22:53,13.76,41,Clear
2026-04-12 11:51:23,17.72,28,Clouds
2026-04-12 12:28:24,11.76,47,Clear
2026-04-12 13:38:10,16.82,36,Clouds
2026-04-12 14:21:38,9.76,71,Clear
2026-04-12 14:59:40,15.53,16,Clouds
2026-04-12 15:35:09,9.76,71,Clear
2026-04-12 16:03:41,9.76,71,Clear
2026-04-12 16:52:13,14.46,17,Clouds
2026-04-12 17:22:22,14.46,17,Clouds
2026-04-12 17:54:42,7.76,71,Clear
2026-04-12 18:27:49,14.05,18,Clouds
2026-04-12 19:11:53,13.67,19,Clear
2026-04-12 19:50:44,5.76,87,Clear
2026-04-12 20:18:40,13.31,19,Clear
2026-04-12 20:55:08,12.94,20,Clear
2026-04-12 21:21:41,5.76,93,Clear
2026-04-12 21:53:26,5.76,93,Clear
2026-04-12 22:18:48,13.33,20,Clear
2026-04-12 22:56:35,7.76,71,Clear
2026-04-12 23:25:45,11.76,71,Clear
2026-04-12 23:57:02,16.5,17,Clear
2026-04-13 01:55:55,20.57,27,Clear
2026-04-13 04:49:15,26.02,20,Clear
2026-04-13 07:04:13,26.58,18,Clouds
2026-04-13 09:06:37,25.04,22,Clouds
2026-04-13 10:53:46,18.76,48,Clear
2026-04-13 11:57:05,20.31,29,Clouds
2026-04-13 13:05:32,18.69,36,Clouds
2026-04-13 14:54:28,18.89,38,Clouds
2026-04-13 16:02:39,18.26,40,Clouds
2026-04-13 17:13:29,17.76,44,Clouds
2026-04-13 18:15:42,17.52,29,Clouds
2026-04-13 19:38:25,10.76,93,Clear
2026-04-13 20:33:55,16.39,39,Clouds
2026-04-13 21:26:00,16.39,39,Clouds
2026-04-13 22:06:08,16.54,41,Clouds
2026-04-13 22:57:14,11.76,94,Clear
2026-04-13 23:36:17,18.51,37,Clouds
2026-04-14 00:09:52,18.51,37,Clouds
2026-04-14 03:37:31,24.67,24,Clouds
2026-04-14 05:37:26,26.3,22,Clouds
2026-04-14 07:09:13,26.05,21,Clouds
2026-04-14 08:50:48,24.76,31,Clear
2026-04-14 10:02:10,22.76,33,Clear
2026-04-14 11:09:32,20.41,35,Clouds
2026-04-14 12:07:00,19.35,34,Clouds
2026-04-14 14:07:20,16.35,46,Clouds
2026-04-14 15:21:43,11.76,76,Clear
2026-04-14 16:37:06,18.16,38,Clouds
2026-04-14 17:45:55,17.7,40,Clouds
2026-04-14 18:47:39,17.37,36,Clouds
2026-04-14 19:52:57,16.92,38,Clouds
2026-04-14 20:38:37,16.5,40,Clouds
2026-04-14 21:29:46,16.5,40,Clouds
2026-04-14 22:10:17,16.66,41,Clouds
2026-04-14 23:01:18,10.76,87,Clouds
2026-04-14 23:46:13,18.95,44,Clouds
2026-04-15 01:08:36,20.82,42,Clouds
2026-04-15 04:14:42,24.68,31,Clouds
2026-04-15 06:10:23,25.71,27,Clouds
2026-04-15 08:02:30,23.76,38,Clear
2026-04-15 09:42:24,21.04,33,Clouds
2026-04-15 10:45:06,19.31,37,Clear
2026-04-15 11:39:27,17.76,55,Clear
2026-04-15 12:42:17,17.59,38,Clear
2026-04-15 14:13:05,12.76,82,Clear
2026-04-15 15:36:19,12.76,88,Clear
2026-04-15 16:37:30,15.16,38,Clear
2026-04-15 17:42:11,10.76,82,Clear
2026-04-15 18:45:56,15.28,49,Clear
2026-04-15 19:52:01,14.51,51,Clear
2026-04-15 20:32:38,14.51,51,Clear
2026-04-15 21:28:29,14.18,52,Clear
2026-04-15 22:08:30,14.29,51,Clear
2026-04-15 22:57:21,15.02,45,Clouds
2026-04-15 23:35:57,16.42,41,Clouds
2026-04-16 00:10:17,16.42,41,Clouds
2026-04-16 03:44:17,22.76,31,Clear
2026-04-16 05:51:28,25.06,18,Clouds
2026-04-16 07:13:58,25.96,17,Clouds
2026-04-16 08:55:50,22.76,31,Clear
2026-04-16 10:06:13,22.64,23,Clouds
2026-04-16 11:15:27,16.76,51,Clear
2026-04-16 12:09:09,19.23,32,Clouds
2026-04-16 14:09:03,16.76,55,Clear
2026-04-16 15:51:34,13.76,67,Clear
2026-04-16 16:59:40,13.76,67,Clear
2026-04-16 18:08:06,18.29,25,Clouds
2026-04-16 19:35:57,17.44,25,Clouds
2026-04-16 20:24:55,17.53,22,Clouds
2026-04-16 21:07:19,14.76,55,Clear
2026-04-16 21:56:03,15.97,39,Clouds
2026-04-16 22:29:22,15.97,39,Clouds
2026-04-16 23:08:24,15.13,42,Clouds
2026-04-16 23:54:34,14.76,63,Clear
2026-04-17 01:11:51,17.76,32,Clouds
2026-04-17 04:20:34,19.76,49,Clear
2026-04-17 06:15:21,20.85,38,Clouds
2026-04-17 08:04:01,18.76,48,Clear
2026-04-17 09:41:42,17.48,50,Clouds
2026-04-17 10:40:04,15.76,55,Clear
2026-04-17 11:33:35,14.67,54,Clouds
2026-04-17 12:11:24,13.76,67,Clear
2026-04-17 13:56:48,11.97,60,Clear
2026-04-17 14:48:27,10.76,87,Clear
2026-04-17 15:44:00,9.76,100,Clear
2026-04-17 16:35:22,10.76,93,Clear
2026-04-17 17:27:03,14.21,61,Clear
2026-04-17 18:09:55,14.05,62,Clear
2026-04-17 19:17:58,7.76,100,Clear
2026-04-17 20:03:26,13.64,65,Clouds
2026-04-17 20:57:01,13.39,66,Clouds
2026-04-17 21:35:02,13.39,66,Clouds
2026-04-17 22:08:48,9.76,100,Clouds
2026-04-17 22:57:56,14.99,57,Clouds
2026-04-17 23:34:06,16.67,49,Clouds
2026-04-18 00:06:01,13.76,82,Clear
2026-04-18 03:25:22,23.65,35,Clouds
2026-04-18 05:19:58,25.32,27,Clouds
2026-04-18 06:40:16,27.4,25,Clouds
2026-04-18 07:43:56,28.27,24,Clouds
2026-04-18 08:26:30,28.04,33,Clouds
2026-04-18 09:09:00,23.76,43,Clear
2026-04-18 09:58:39,19.76,56,Clear
2026-04-18 10:36:26,21.47,37,Clouds
2026-04-18 11:19:23,21.23,38,Clouds
2026-04-18 11:51:06,19.44,42,Clouds
2026-04-18 12:27:47,18.8,47,Clouds
2026-04-18 13:39:03,19.59,51,Clouds
2026-04-18 14:22:21,13.76,77,Clear
2026-04-18 15:01:12,13.76,77,Clear
2026-04-18 15:40:19,13.76,77,Clear
2026-04-18 16:06:17,13.76,77,Clear
2026-04-18 16:54:31,18.91,56,Clouds
2026-04-18 17:25:48,12.76,88,Clear
2026-04-18 17:56:26,18.57,60,Clouds
2026-04-18 18:33:27,18.61,46,Clouds
2026-04-18 19:25:09,18.61,46,Clouds
2026-04-18 19:55:57,18.05,46,Clouds
2026-04-18 20:24:29,18.05,46,Clouds
2026-04-18 20:58:07,17.8,46,Clouds
2026-04-18 21:29:33,10.76,100,Clear
2026-04-18 21:57:57,18.21,43,Clouds
2026-04-18 22:28:20,11.76,100,Clear
2026-04-18 23:02:09,19.35,40,Clouds
2026-04-18 23:41:21,20.96,48,Clouds
2026-04-19 00:04:38,16.76,77,Clear
2026-04-19 03:44:18,27.15,25,Clouds
2026-04-19 05:48:58,28.36,23,Clouds
2026-04-19 07:01:54,28.13,23,Clouds
2026-04-19 08:08:12,27.37,26,Clouds
2026-04-19 09:04:17,24.24,28,Clouds
2026-04-19 09:56:10,22.76,38,Clear
2026-04-19 10:30:24,22.24,37,Clouds
2026-04-19 11:07:42,18.76,48,Clear
2026-04-19 11:48:00,20.48,38,Clear
2026-04-19 12:25:51,20.44,38,Clouds
2026-04-19 13:36:58,17.14,43,Clear
2026-04-19 14:21:47,16.97,50,Clear
2026-04-19 15:01:23,15.48,47,Clear
2026-04-19 15:40:52,14.86,50,Clear
2026-04-19 16:06:19,14.86,50,Clear
2026-04-19 16:54:24,12.76,82,Clear
2026-04-19 17:24:31,13.86,60,Clear
2026-04-19 17:56:36,16.69,46,Clouds
2026-04-19 18:35:12,15.89,50,Clouds
2026-04-19 19:26:17,16.03,49,Clouds
2026-04-19 19:57:38,11.76,94,Clear
2026-04-19 20:30:04,15.6,51,Clouds
2026-04-19 21:02:53,10.76,93,Clear
2026-04-19 21:44:40,15,58,Clouds
2026-04-19 22:04:46,11.76,94,Clear
2026-04-19 22:49:19,13.76,82,Clouds
2026-04-19 23:21:54,14.76,72,Clouds
2026-04-19 23:55:17,14.72,74,Clouds
2026-04-20 01:17:28,16.76,67,Clouds
2026-04-20 04:30:21,12.76,94,Clouds
2026-04-20 06:31:41,16.62,59,Clouds
2026-04-20 08:34:04,14.76,47,Clear
2026-04-20 10:18:00,14.67,15,Clouds
2026-04-20 11:43:39,10.76,35,Clear
2026-04-20 12:49:22,9.76,37,Clear
2026-04-20 14:24:06,8.76,61,Clear
2026-04-20 15:48:55,7.2,45,Clear
2026-04-20 16:46:41,9.64,46,Clear
2026-04-20 17:41:55,9.59,48,Clear
2026-04-20 18:40:32,9.46,48,Clear
2026-04-20 19:42:33,9.22,50,Clear
2026-04-20 20:24:42,9.22,50,Clear
2026-04-20 21:04:45,4.76,87,Clear
2026-04-20 21:56:45,9.6,51,Clear
2026-04-20 22:34:45,10.82,43,Clear
2026-04-20 23:23:57,9.76,71,Clear
2026-04-21 00:01:48,12.23,30,Clear
2026-04-21 03:20:12,15.76,36,Clear
2026-04-21 05:37:04,17.83,23,Clouds
2026-04-21 07:12:23,16.06,26,Clouds
2026-04-21 09:00:32,12.76,58,Sand
2026-04-21 10:18:55,11.76,58,Clear
2026-04-21 11:34:00,12.66,50,Clouds
2026-04-21 12:43:04,12.41,49,Clouds
2026-04-21 14:19:25,12.29,50,Clouds
2026-04-21 15:45:34,11.84,53,Clouds
2026-04-21 16:40:44,8.76,93,Sand
2026-04-21 17:38:55,9.76,93,Sand
2026-04-21 18:41:52,8.76,93,Sand
2026-04-21 19:48:08,9.76,76,Clear
2026-04-21 20:34:26,11.87,46,Clouds
2026-04-21 21:24:20,9.76,71,Clear
2026-04-21 22:03:18,9.76,71,Clear
2026-04-21 22:50:07,12.49,40,Clouds
2026-04-21 23:23:43,12.49,40,Clouds
2026-04-21 23:54:41,11.76,54,Clear
2026-04-22 01:09:24,12.76,47,Clear
2026-04-22 04:14:47,16.76,29,Clear
2026-04-22 06:10:45,19.14,21,Clouds
2026-04-22 08:03:56,19.58,22,Clouds
2026-04-22 09:45:10,17,24,Clouds
2026-04-22 10:50:06,16.07,28,Clouds
2026-04-22 11:45:32,12.76,54,Clear
2026-04-22 12:45:13,15.37,36,Clouds
2026-04-22 14:20:36,15.11,38,Clouds
2026-04-22 15:43:11,8.76,93,Clear
2026-04-22 16:40:53,8.76,93,Clear
2026-04-22 17:38:25,13.66,43,Clouds
2026-04-22 18:42:17,13.36,44,Clouds
2026-04-22 19:49:37,7.76,93,Clear
2026-04-22 20:38:02,8.76,87,Clear
2026-04-22 21:31:29,8.76,81,Clear
2026-04-22 22:11:08,8.76,81,Clear
2026-04-22 23:03:57,14.34,37,Clouds
2026-04-22 23:54:06,12.76,62,Clear
2026-04-23 01:15:01,17.22,32,Clouds
2026-04-23 04:21:41,21.3,22,Clouds
2026-04-23 06:18:56,22.94,17,Clouds
2026-04-23 08:12:59,22.08,19,Clouds
2026-04-23 09:55:58,20.76,24,Clear
2026-04-23 10:59:50,18.26,22,Clouds
2026-04-23 11:58:28,18.78,22,Clouds
2026-04-23 13:19:17,16.76,27,Clear
2026-04-23 15:22:25,13.76,33,Clear
2026-04-23 16:54:43,11.76,47,Clear
2026-04-23 18:00:46,11.76,40,Clear
2026-04-23 19:12:35,7.76,76,Clear
2026-04-23 20:12:47,6.76,76,Clear
2026-04-23 21:05:51,6.76,76,Clear
2026-04-23 21:56:25,5.76,87,Clear
2026-04-23 22:34:21,9.76,76,Clear
2026-04-23 23:26:43,14.76,44,Clear
2026-04-24 00:06:28,14.76,44,Clear
2026-04-24 03:44:14,22.76,23,Clear
2026-04-24 05:56:34,24.76,19,Clear
2026-04-24 07:48:37,24.76,22,Clear
2026-04-24 09:19:10,21.76,28,Clear
2026-04-24 10:47:00,17.76,29,Clear
2026-04-24 11:46:00,14.76,41,Clear
2026-04-24 12:44:27,11.76,54,Clear
2026-04-24 14:17:56,18.49,27,Clear
2026-04-24 15:39:14,18.04,19,Clear
2026-04-24 16:35:48,8.76,81,Clear
2026-04-24 17:32:02,8.76,81,Clear
2026-04-24 18:06:25,8.76,81,Clear
2026-04-24 19:08:34,8.76,87,Clear
2026-04-24 19:57:20,7.76,100,Clear
2026-04-24 20:38:28,6.76,87,Clear
2026-04-24 21:29:51,7.76,87,Clear
2026-04-24 22:08:29,11.76,76,Clear
2026-04-24 22:55:01,11.76,76,Clear
2026-04-24 23:28:12,15.76,55,Clear
